Workbook

Sheet DADOS
A1: 46036 | B1: LISTA 01 - STB | G1: 310 | H1: =VLOOKUP(G1,Apoio!A$1:B26,2,0) -> GEKA
B2: PEÇA | D2: STATUS DE FABRICAÇÃO
A3: OP | B3: CÓDIGO | C3: QTD | D3: =IFERROR(VLOOKUP(G1,Apoio!F$1:G$43,2,0),"") -> GEKA | E3: DATA | F3: =IFERROR(VLOOKUP(G1,Apoio!H$1:I$44,2,0),"") | G3: DATA | H3: CONF. ENTREGA
A4: 7448266 | B4: 30500440 | C4: 28 | D4: OK MAICON | E4: 46043 | F4: =IF($A4<>"",IF($F3="","DIRETO",""),"") -> DIRETO | G4: =IF(F4="DIRETO","-","") -> - | H4: OK
A5: 7448267 | B5: 30500463-1 | C5: 14 | D5: OK MAICON | E5: 46038 | F5: =IF($A5<>"",IF($F3="","DIRETO",""),"") -> DIRETO | G5: =IF(F5="DIRETO","-","") -> - | H5: OK
A6: 7448268 | B6: 30500465 | C6: 10 | D6: MENOTTI PEDE | E6: - | F6: =IF($A6<>"",IF($F3="","DIRETO",""),"") -> DIRETO | G6: =IF(F6="DIRETO","-","") -> - | H6: OK | J6: =VLOOKUP(G1,Apoio!A$1:B26,2,0) -> GEKA | N6: GERAL
A7: 7448269 | B7: 30500468-1 | C7: 23 | D7: OK MAICON | E7: 46043 | F7: =IF($A7<>"",IF($F3="","DIRETO",""),"") -> DIRETO | G7: =IF(F7="DIRETO","-","") -> - | H7: OK | J7: TOTAL DE OPS | N7: TOTAL DE ORDENS DE PRODUÇÃO
A8: 7448270 | B8: 30500501 | C8: 14 | D8: OK MAICON | E8: 46043 | F8: =IF($A8<>"",IF($F3="","DIRETO",""),"") -> DIRETO | G8: =IF(F8="DIRETO","-","") -> - | H8: OK | J8: =COUNTIF(A4:A18,">7000000") -> 12 | N8: =COUNTIF(A:A,">7000000") -> 219
A9: 7448271 | B9: 30500510-1 | C9: 14 | D9: OK MAICON | E9: 46038 | F9: =IF($A9<>"",IF($F3="","DIRETO",""),"") -> DIRETO | G9: =IF(F9="DIRETO","-","") -> - | H9: OK | J9: OPS FINALIZADAS | N9: TOTAL DE ORDENS FINALIZADAS
A10: 7448272 | B10: 30500518-3 | C10: 7 | D10: OK MAICON | E10: 46038 | F10: =IF($A10<>"",IF($F3="","DIRETO",""),"") -> DIRETO | G10: =IF(F10="DIRETO","-","") -> - | H10: OK | J10: =COUNTIF(H4:H18,"ok*") -> 12 | N10: =COUNTIF(H:H,"ok*") -> 206
A11: 7448273 | B11: 30500544 | C11: 7 | D11: OK MAICON | E11: 46043 | F11: =IF($A11<>"",IF($F3="","DIRETO",""),"") -> DIRETO | G11: =IF(F11="DIRETO","-","") -> - | H11: OK | J11: PORCENTAGEM | N11: ESTÁGIO ATUAL
A12: 7448274 | B12: 30500551-1 | C12: 14 | D12: OK MAICON | E12: 46038 | F12: =IF($A12<>"",IF($F3="","DIRETO",""),"") -> DIRETO | G12: =IF(F12="DIRETO","-","") -> - | H12: OK | J12: =J10/J8 -> 1 | N12: =N10/N8 -> 0.94063927
A13: 7448275 | B13: 30500552 | C13: 14 | D13: OK MAICON | E13: 46042 | F13: USINAGEM | G13: 46042 | H13: OK
A14: 7448276 | B14: 30502300-1 | C14: 8 | D14: OK MAICON | E14: 46038 | F14: =IF($A14<>"",IF($F3="","DIRETO",""),"") -> DIRETO | G14: =IF(F14="DIRETO","-","") -> - | H14: OK
A15: 46036 | B15: LISTA 01 - STB | G15: 310 | H15: =VLOOKUP(G15,Apoio!A$1:B40,2,0) -> GEKA
B16: PEÇA | D16: STATUS DE FABRICAÇÃO
A17: OP | B17: CÓDIGO | C17: QTD | D17: =IFERROR(VLOOKUP(G15,Apoio!F$1:G$43,2,0),"") -> GEKA | E17: DATA | F17: =IFERROR(VLOOKUP(G15,Apoio!H$1:I$44,2,0),"") | G17: DATA | H17: CONF. ENTREGA
A18: 7448277 | B18: 30502387 | C18: 7 | D18: OK MATEUS | E18: 46038 | F18: =IF($A18<>"",IF($F17="","DIRETO",""),"") -> DIRETO | G18: =IF(F18="DIRETO","-","") -> - | H18: OK
F19: =IF($A19<>"",IF($F17="","DIRETO",""),"") | G19: =IF(F19="DIRETO","-","")
F20: =IF($A20<>"",IF($F17="","DIRETO",""),"") | G20: =IF(F20="DIRETO","-","")
F21: =IF($A21<>"",IF($F17="","DIRETO",""),"") | G21: =IF(F21="DIRETO","-","")
F22: =IF($A22<>"",IF($F17="","DIRETO",""),"") | G22: =IF(F22="DIRETO","-","")
F23: =IF($A23<>"",IF($F17="","DIRETO",""),"") | G23: =IF(F23="DIRETO","-","")
F24: =IF($A24<>"",IF($F17="","DIRETO",""),"") | G24: =IF(F24="DIRETO","-","")
F25: =IF($A25<>"",IF($F17="","DIRETO",""),"") | G25: =IF(F25="DIRETO","-","")
F26: =IF($A26<>"",IF($F17="","DIRETO",""),"") | G26: =IF(F26="DIRETO","-","")
F27: =IF($A27<>"",IF($F17="","DIRETO",""),"") | G27: =IF(F27="DIRETO","-","")
F28: =IF($A28<>"",IF($F17="","DIRETO",""),"") | G28: =IF(F28="DIRETO","-","")
A29: 46036 | B29: LISTA 01 - STB | G29: 311 | H29: =VLOOKUP(G29,Apoio!A$1:B54,2,0) -> GEKA/DOBRA
B30: PEÇA | D30: STATUS DE FABRICAÇÃO
A31: OP | B31: CÓDIGO | C31: QTD | D31: =IFERROR(VLOOKUP(G29,Apoio!F$1:G$43,2,0),"") -> GEKA | E31: DATA | F31: =IFERROR(VLOOKUP(G29,Apoio!H$1:I$44,2,0),"") -> DOBRA | G31: DATA | H31: CONF. ENTREGA
A32: 7448278 | B32: 30500130 | C32: 14 | D32: OK MAICON | E32: 46038 | F32: OK | G32: 46043 | H32: OK
A33: 7448279 | B33: 30500117 | C33: 14 | D33: OK MAICON | E33: 46038 | F33: OK | G33: 46044 | H33: OK
A34: 7448280 | B34: 30500442 | C34: 42 | D34: OK MAICON | E34: 46038 | F34: OK | G34: 46043 | H34: OK | J34: =VLOOKUP(G29,Apoio!A$1:B54,2,0) -> GEKA/DOBRA
A35: 7448281 | B35: 30500462 | C35: 14 | D35: OK MAICON | E35: 46038 | F35: OK | G35: 46043 | H35: OK | J35: TOTAL DE OPS
F36: =IF($A36<>"",IF($F31="","DIRETO",""),"") | G36: =IF(F36="DIRETO","-","") | J36: =COUNTIF(A32:A42,">7000000") -> 4
F37: =IF($A37<>"",IF($F31="","DIRETO",""),"") | G37: =IF(F37="DIRETO","-","") | J37: OPS FINALIZADAS
F38: =IF($A38<>"",IF($F31="","DIRETO",""),"") | G38: =IF(F38="DIRETO","-","") | J38: =COUNTIF(H32:H42,"ok*") -> 4
F39: =IF($A39<>"",IF($F31="","DIRETO",""),"") | G39: =IF(F39="DIRETO","-","") | J39: PORCENTAGEM
F40: =IF($A40<>"",IF($F31="","DIRETO",""),"") | G40: =IF(F40="DIRETO","-","") | J40: =J38/J36 -> 1
F41: =IF($A41<>"",IF($F31="","DIRETO",""),"") | G41: =IF(F41="DIRETO","-","")
F42: =IF($A42<>"",IF($F31="","DIRETO",""),"") | G42: =IF(F42="DIRETO","-","")
A43: 46036 | B43: LISTA 01 - STB | G43: 320 | H43: =VLOOKUP(G43,Apoio!A$1:B68,2,0) -> GUILHOTINA
B44: PEÇA | D44: STATUS DE FABRICAÇÃO
A45: OP | B45: CÓDIGO | C45: QTD | D45: =IFERROR(VLOOKUP(G43,Apoio!F$1:G$43,2,0),"") -> GUILHOTINA | E45: DATA | F45: =IFERROR(VLOOKUP(G43,Apoio!H$1:I$44,2,0),"") | G45: DATA | H45: CONF. ENTREGA
A46: 7448282 | B46: 30500436 | C46: 14 | D46: OK MAICON | E46: 46043 | F46: =IF($A46<>"",IF($F45="","DIRETO",""),"") -> DIRETO | G46: =IF(F46="DIRETO","-","") -> - | H46: OK
A47: 7448283 | B47: 30500436-1 | C47: 14 | D47: OK MAICON | E47: 46045 | F47: =IF($A47<>"",IF($F45="","DIRETO",""),"") -> DIRETO | G47: =IF(F47="DIRETO","-","") -> - | H47: OK
A48: 7448284 | B48: 30500452 | C48: 28 | D48: OK MAICON | E48: 46045 | F48: =IF($A48<>"",IF($F45="","DIRETO",""),"") -> DIRETO | G48: =IF(F48="DIRETO","-","") -> - | H48: OK | J48: =VLOOKUP(G43,Apoio!A$1:B68,2,0) -> GUILHOTINA
A49: 7448285 | B49: 30500458-2 | C49: 14 | D49: OK MAICON | E49: 46043 | F49: =IF($A49<>"",IF($F45="","DIRETO",""),"") -> DIRETO | G49: =IF(F49="DIRETO","-","") -> - | H49: OK | J49: TOTAL DE OPS
A50: 7448286 | B50: 30500467-1 | C50: 14 | D50: OK MAICON | E50: 46045 | F50: =IF($A50<>"",IF($F45="","DIRETO",""),"") -> DIRETO | G50: =IF(F50="DIRETO","-","") -> - | H50: OK | J50: =COUNTIF(A46:A60,">7000000") -> 12
A51: 7448287 | B51: 30500470 | C51: 4 | D51: OK MAICON | E51: 46049 | F51: =IF($A51<>"",IF($F45="","DIRETO",""),"") -> DIRETO | G51: =IF(F51="DIRETO","-","") -> - | H51: OK | J51: OPS FINALIZADAS
A52: 7448288 | B52: 30500481 | C52: 14 | D52: OK MAICON | E52: 46043 | F52: =IF($A52<>"",IF($F45="","DIRETO",""),"") -> DIRETO | G52: =IF(F52="DIRETO","-","") -> - | H52: OK | J52: =COUNTIF(H46:H60,"ok*") -> 12
A53: 7448289 | B53: 30500515 | C53: 7 | D53: OK MAICON | E53: 46043 | F53: DIRETO | G53: - | H53: OK | J53: PORCENTAGEM
A54: 7448290 | B54: 30500548 | C54: 70 | D54: OK MAICON | E54: 46043 | F54: =IF($A54<>"",IF($F45="","DIRETO",""),"") -> DIRETO | G54: =IF(F54="DIRETO","-","") -> - | H54: OK | J54: =J52/J50 -> 1
A55: 7448291 | B55: 30501003 | C55: 35 | D55: OK MAICON | E55: 46045 | F55: =IF($A55<>"",IF($F45="","DIRETO",""),"") -> DIRETO | G55: =IF(F55="DIRETO","-","") -> - | H55: OK
A56: 7448292 | B56: 30501005 | C56: 70 | D56: OK MAICON | E56: 46045 | F56: =IF($A56<>"",IF($F45="","DIRETO",""),"") -> DIRETO | G56: =IF(F56="DIRETO","-","") -> - | H56: OK
A57: 46036 | B57: LISTA 01 - STB | G57: 320 | H57: =VLOOKUP(G57,Apoio!A$1:B82,2,0) -> GUILHOTINA
B58: PEÇA | D58: STATUS DE FABRICAÇÃO
A59: OP | B59: CÓDIGO | C59: QTD | D59: =IFERROR(VLOOKUP(G57,Apoio!F$1:G$43,2,0),"") -> GUILHOTINA | E59: DATA | F59: =IFERROR(VLOOKUP(G57,Apoio!H$1:I$44,2,0),"") | G59: DATA | H59: CONF. ENTREGA
A60: 7448293 | B60: 30509027 | C60: 28 | D60: OK MAICON | E60: 46043 | F60: =IF($A60<>"",IF($F59="","DIRETO",""),"") -> DIRETO | G60: =IF(F60="DIRETO","-","") -> - | H60: OK
F61: =IF($A61<>"",IF($F59="","DIRETO",""),"") | G61: =IF(F61="DIRETO","-","")
F62: =IF($A62<>"",IF($F59="","DIRETO",""),"") | G62: =IF(F62="DIRETO","-","")
F63: =IF($A63<>"",IF($F59="","DIRETO",""),"") | G63: =IF(F63="DIRETO","-","")
F64: =IF($A64<>"",IF($F59="","DIRETO",""),"") | G64: =IF(F64="DIRETO","-","")
F65: =IF($A65<>"",IF($F59="","DIRETO",""),"") | G65: =IF(F65="DIRETO","-","")
F66: =IF($A66<>"",IF($F59="","DIRETO",""),"") | G66: =IF(F66="DIRETO","-","")
F67: =IF($A67<>"",IF($F59="","DIRETO",""),"") | G67: =IF(F67="DIRETO","-","")
F68: =IF($A68<>"",IF($F59="","DIRETO",""),"") | G68: =IF(F68="DIRETO","-","")
F69: =IF($A69<>"",IF($F59="","DIRETO",""),"") | G69: =IF(F69="DIRETO","-","")
F70: =IF($A70<>"",IF($F59="","DIRETO",""),"") | G70: =IF(F70="DIRETO","-","")
A71: 46036 | B71: LISTA 01 - STB | G71: 321 | H71: =VLOOKUP(G71,Apoio!A$1:B96,2,0) -> GUILHOTINA/DOBRA
B72: PEÇA | D72: STATUS DE FABRICAÇÃO
A73: OP | B73: CÓDIGO | C73: QTD | D73: =IFERROR(VLOOKUP(G71,Apoio!F$1:G$43,2,0),"") -> GUILHOTINA | E73: DATA | F73: =IFERROR(VLOOKUP(G71,Apoio!H$1:I$44,2,0),"") -> DOBRA | G73: DATA | H73: CONF. ENTREGA
A74: 7448294 | B74: 30500114 | C74: 7 | D74: OK MAICON | E74: 46044 | F74: OK MAICON | G74: 46058 | H74: OK
A75: 7448295 | B75: 30501002 | C75: 70 | D75: OK MAICON | E75: 46044 | F75: OK EDSON | G75: 46048 | H75: OK
A76: 7448296 | B76: 30500439 | C76: 14 | D76: OK MAICON | E76: 46044 | F76: OK MAICON | G76: 46045 | H76: OK | J76: =VLOOKUP(G71,Apoio!A$1:B96,2,0) -> GUILHOTINA/DOBRA
A77: 7448297 | B77: 30500448 | C77: 7 | D77: OK MAICON | E77: 46044 | F77: OK MAICON | G77: 46045 | H77: OK | J77: TOTAL DE OPS
A78: 7448298 | B78: 30500482 | C78: 14 | D78: OK MAICON | E78: 46043 | F78: OK MAICON | G78: 46043 | H78: OK | J78: =COUNTIF(A74:A84,">7000000") -> 9
A79: 7448299 | B79: 30500513 | C79: 7 | D79: OK MAICON | E79: 46044 | F79: OK MAICON | G79: 46045 | H79: OK | J79: OPS FINALIZADAS
A80: 7448300 | B80: 30500514 | C80: 7 | D80: OK MAICON | E80: 46044 | F80: OK MAICON | G80: 46045 | H80: OK | J80: =COUNTIF(H74:H84,"ok*") -> 9
A81: 7448301 | B81: 30500786 | C81: 28 | D81: OK MAICON | E81: 46058 | F81: OK MAICON | G81: 46058 | H81: OK | J81: PORCENTAGEM
A82: 7448302 | B82: 30509088 | C82: 9 | D82: OK MAICON | E82: 46044 | F82: OK MAICON | G82: 46045 | H82: OK | J82: =J80/J78 -> 1
F83: =IF($A83<>"",IF($F73="","DIRETO",""),"") | G83: =IF(F83="DIRETO","-","")
F84: =IF($A84<>"",IF($F73="","DIRETO",""),"") | G84: =IF(F84="DIRETO","-","")
A85: 46036 | B85: LISTA 01 - STB | G85: 330 | H85: =VLOOKUP(G85,Apoio!A$1:B110,2,0) -> LASER 6KW
B86: PEÇA | D86: STATUS DE FABRICAÇÃO
A87: OP | B87: CÓDIGO | C87: QTD | D87: =IFERROR(VLOOKUP(G85,Apoio!F$1:G$43,2,0),"") -> LASER 6KW | E87: DATA | F87: =IFERROR(VLOOKUP(G85,Apoio!H$1:I$44,2,0),"") | G87: DATA | H87: CONF. ENTREGA
A88: 7448303 | B88: 30300109 | C88: 14 | D88: OK MAICON | E88: 46049 | F88: =IF($A88<>"",IF($F87="","DIRETO",""),"") -> DIRETO | G88: =IF(F88="DIRETO","-","") -> - | H88: OK
A89: 7448304 | B89: 30500097 | C89: 14 | D89: OK MAICON | E89: 46049 | F89: =IF($A89<>"",IF($F87="","DIRETO",""),"") -> DIRETO | G89: =IF(F89="DIRETO","-","") -> - | H89: OK
A90: 7448305 | B90: 30500128 | C90: 14 | D90: OK MAICON | E90: 46044 | F90: =IF($A90<>"",IF($F87="","DIRETO",""),"") -> DIRETO | G90: =IF(F90="DIRETO","-","") -> - | H90: OK | J90: =VLOOKUP(G85,Apoio!A$1:B110,2,0) -> LASER 6KW
A91: 7448306 | B91: 30500161 | C91: 7 | D91: OK MAICON | E91: 46049 | F91: =IF($A91<>"",IF($F87="","DIRETO",""),"") -> DIRETO | G91: =IF(F91="DIRETO","-","") -> - | H91: OK | J91: TOTAL DE OPS
A92: 7448307 | B92: 30500443 | C92: 82 | D92: OK MAICON | E92: 46042 | F92: =IF($A92<>"",IF($F87="","DIRETO",""),"") -> DIRETO | G92: =IF(F92="DIRETO","-","") -> - | H92: OK | J92: =COUNTIF(A88:A140,">7000000") -> 44
A93: 7448308 | B93: 30500450 | C93: 14 | D93: OK MAICON | E93: 46044 | F93: =IF($A93<>"",IF($F87="","DIRETO",""),"") -> DIRETO | G93: =IF(F93="DIRETO","-","") -> - | H93: OK | J93: OPS FINALIZADAS
A94: 7448309 | B94: 30500450-1 | C94: 18 | D94: OK MAICON | E94: 46044 | F94: =IF($A94<>"",IF($F87="","DIRETO",""),"") -> DIRETO | G94: =IF(F94="DIRETO","-","") -> - | H94: OK | J94: =COUNTIF(H88:H140,"ok*") -> 42
A95: 7448310 | B95: 30500463 | C95: 7 | D95: OK MAICON | E95: 46044 | F95: =IF($A95<>"",IF($F87="","DIRETO",""),"") -> DIRETO | G95: =IF(F95="DIRETO","-","") -> - | H95: OK | J95: PORCENTAGEM
A96: 7448311 | B96: 30500464 | C96: 10 | D96: OK MAICON | E96: 46044 | F96: =IF($A96<>"",IF($F87="","DIRETO",""),"") -> DIRETO | G96: =IF(F96="DIRETO","-","") -> - | H96: OK | J96: =J94/J92 -> 0.95454545
A97: 7448312 | B97: 30500464-1 | C97: 10 | D97: OK MAICON | E97: 46044 | F97: =IF($A97<>"",IF($F87="","DIRETO",""),"") -> DIRETO | G97: =IF(F97="DIRETO","-","") -> - | H97: OK
A98: 7448313 | B98: 30500469 | C98: 4 | D98: OK MAICON | E98: 46044 | F98: =IF($A98<>"",IF($F87="","DIRETO",""),"") -> DIRETO | G98: =IF(F98="DIRETO","-","") -> - | H98: OK
A99: 46036 | B99: LISTA 01 - STB | G99: 330 | H99: =VLOOKUP(G99,Apoio!A$1:B124,2,0) -> LASER 6KW
B100: PEÇA | D100: STATUS DE FABRICAÇÃO
...

Sheet Apoio
A1: 310 | B1: GEKA | F1: 311 | G1: GEKA | H1: 311 | I1: DOBRA
A2: 311 | B2: GEKA/DOBRA | F2: 310 | G2: GEKA | H2: 312 | I2: USINAGEM
A3: 312 | B3: GEKA/USINAGEM | F3: 312 | G3: GEKA | H3: 321 | I3: DOBRA
A4: 320 | B4: GUILHOTINA | F4: 320 | G4: GUILHOTINA | H4: 331 | I4: DOBRA
A5: 321 | B5: GUILHOTINA/DOBRA | F5: 321 | G5: GUILHOTINA | H5: 351 | I5: USINAGEM
A6: 330 | B6: LASER 6KW | F6: 330 | G6: LASER 6KW | H6: 352 | I6: DOBRA
A7: 331 | B7: LASER 6KW/DOBRA | F7: 331 | G7: LASER 6KW | H7: 361 | I7: USINAGEM
A8: 350 | B8: LASER 40KW | F8: 350 | G8: LASER 40KW | H8: 362 | I8: DOBRA
A9: 351 | B9: LASER 40KW/USINAGEM | F9: 351 | G9: LASER 40KW
A10: 352 | B10: LASER 40KW/DOBRA | F10: 352 | G10: LASER 40KW
A11: 360 | B11: SERRA | F11: 360 | G11: SERRA
A12: 361 | B12: SERRA/USINAGEM | F12: 361 | G12: SERRA
A13: 362 | B13: SERRA/DOBRA | F13: 362 | G13: SERRA
A14: 370 | B14: USINAGEM | F14: 370 | G14: USINAGEM
